:START_ID,:END_ID,:TYPE
VCB,BID,compete_direct
VCB,CTG,compete_direct
VCB,ACB,compete_indirect
VCB,TCB,compete_indirect
VCB,MBB,compete_indirect
VCB,VPB,compete_indirect
VCB,BID,sector_peers
VCB,CTG,sector_peers
VCB,MBB,sector_peers
VCB,TCB,sector_peers
VCB,VPB,sector_peers
VCB,ACB,sector_peers
VCB,STB,sector_peers
VCB,HDB,sector_peers
VCB,SHB,sector_peers
VCB,VIB,sector_peers
VCB,TPB,sector_peers
VCB,LPB,sector_peers
VCB,MSB,sector_peers
VCB,OCB,sector_peers
VCB,SSB,sector_peers
VCB,SSI,downstream
VCB,HCM,downstream
VCB,VND,downstream
VCB,VCI,downstream
VCB,MBS,downstream
VCB,BID,cross_holding
VCB,CTG,cross_holding
BID,VCB,compete_direct
BID,CTG,compete_direct
BID,MBB,compete_indirect
BID,STB,compete_indirect
BID,SHB,compete_indirect
BID,VCB,sector_peers
BID,CTG,sector_peers
BID,MBB,sector_peers
BID,TCB,sector_peers
BID,VPB,sector_peers
BID,ACB,sector_peers
BID,STB,sector_peers
BID,HDB,sector_peers
BID,SHB,sector_peers
BID,VIB,sector_peers
BID,TPB,sector_peers
BID,LPB,sector_peers
BID,MSB,sector_peers
BID,OCB,sector_peers
BID,SSB,sector_peers
BID,CTD,downstream
BID,HBC,downstream
BID,VCG,downstream
BID,BSI,parent_subsidiary
BID,BSI,ecosystem
BID,VCB,cross_holding
BID,CTG,cross_holding
CTG,VCB,compete_direct
CTG,BID,compete_direct
CTG,MBB,compete_indirect
CTG,STB,compete_indirect
CTG,VCB,sector_peers
CTG,BID,sector_peers
CTG,MBB,sector_peers
CTG,TCB,sector_peers
CTG,VPB,sector_peers
CTG,ACB,sector_peers
CTG,STB,sector_peers
CTG,HDB,sector_peers
CTG,SHB,sector_peers
CTG,VIB,sector_peers
CTG,TPB,sector_peers
CTG,LPB,sector_peers
CTG,MSB,sector_peers
CTG,OCB,sector_peers
CTG,SSB,sector_peers
CTG,HPG,downstream
CTG,MSN,downstream
CTG,CTS,parent_subsidiary
CTG,CTS,ecosystem
CTG,VCB,cross_holding
CTG,BID,cross_holding
ACB,TCB,compete_direct
ACB,MBB,compete_direct
ACB,VPB,compete_direct
ACB,HDB,compete_direct
ACB,VCB,compete_indirect
ACB,BID,compete_indirect
ACB,CTG,compete_indirect
ACB,VCB,sector_peers
ACB,BID,sector_peers
ACB,CTG,sector_peers
ACB,MBB,sector_peers
ACB,TCB,sector_peers
ACB,VPB,sector_peers
ACB,STB,sector_peers
ACB,HDB,sector_peers
ACB,SHB,sector_peers
ACB,VIB,sector_peers
ACB,TPB,sector_peers
ACB,LPB,sector_peers
ACB,MSB,sector_peers
ACB,OCB,sector_peers
ACB,SSB,sector_peers
ACB,PNJ,downstream
ACB,PNJ,cross_holding
TCB,VPB,compete_direct
TCB,MBB,compete_direct
TCB,ACB,compete_direct
TCB,HDB,compete_direct
TCB,VCB,compete_indirect
TCB,BID,compete_indirect
TCB,VCB,sector_peers
TCB,BID,sector_peers
TCB,CTG,sector_peers
TCB,MBB,sector_peers
TCB,VPB,sector_peers
TCB,ACB,sector_peers
TCB,STB,sector_peers
TCB,HDB,sector_peers
TCB,SHB,sector_peers
TCB,VIB,sector_peers
TCB,TPB,sector_peers
TCB,LPB,sector_peers
TCB,MSB,sector_peers
TCB,OCB,sector_peers
TCB,SSB,sector_peers
TCB,VHM,downstream
TCB,NVL,downstream
TCB,VRE,downstream
TCB,MSN,ecosystem
TCB,MSN,cross_holding
MBB,TCB,compete_direct
MBB,VPB,compete_direct
MBB,ACB,compete_direct
MBB,VCB,compete_indirect
MBB,BID,compete_indirect
MBB,CTG,compete_indirect
MBB,VCB,sector_peers
MBB,BID,sector_peers
MBB,CTG,sector_peers
MBB,TCB,sector_peers
MBB,VPB,sector_peers
MBB,ACB,sector_peers
MBB,STB,sector_peers
MBB,HDB,sector_peers
MBB,SHB,sector_peers
MBB,VIB,sector_peers
MBB,TPB,sector_peers
MBB,LPB,sector_peers
MBB,MSB,sector_peers
MBB,OCB,sector_peers
MBB,SSB,sector_peers
MBB,MBS,downstream
MBB,MBS,parent_subsidiary
MBB,MBS,ecosystem
MBB,VGI,ecosystem
VPB,TCB,compete_direct
VPB,MBB,compete_direct
VPB,HDB,compete_direct
VPB,ACB,compete_direct
VPB,VCB,compete_indirect
VPB,BID,compete_indirect
VPB,CTG,compete_indirect
VPB,VCB,sector_peers
VPB,BID,sector_peers
VPB,CTG,sector_peers
VPB,MBB,sector_peers
VPB,TCB,sector_peers
VPB,ACB,sector_peers
VPB,STB,sector_peers
VPB,HDB,sector_peers
VPB,SHB,sector_peers
VPB,VIB,sector_peers
VPB,TPB,sector_peers
VPB,LPB,sector_peers
VPB,MSB,sector_peers
VPB,OCB,sector_peers
VPB,SSB,sector_peers
VPB,FE Credit segment,downstream
STB,SHB,compete_direct
STB,LPB,compete_direct
STB,MSB,compete_direct
STB,VCB,compete_indirect
STB,BID,compete_indirect
STB,MBB,compete_indirect
STB,VCB,sector_peers
STB,BID,sector_peers
STB,CTG,sector_peers
STB,MBB,sector_peers
STB,TCB,sector_peers
STB,VPB,sector_peers
STB,ACB,sector_peers
STB,HDB,sector_peers
STB,SHB,sector_peers
STB,VIB,sector_peers
STB,TPB,sector_peers
STB,LPB,sector_peers
STB,MSB,sector_peers
STB,OCB,sector_peers
STB,SSB,sector_peers
HDB,VPB,compete_direct
HDB,VIB,compete_direct
HDB,TPB,compete_direct
HDB,OCB,compete_direct
HDB,MBB,compete_indirect
HDB,TCB,compete_indirect
HDB,VCB,sector_peers
HDB,BID,sector_peers
HDB,CTG,sector_peers
HDB,MBB,sector_peers
HDB,TCB,sector_peers
HDB,VPB,sector_peers
HDB,ACB,sector_peers
HDB,STB,sector_peers
HDB,SHB,sector_peers
HDB,VIB,sector_peers
HDB,TPB,sector_peers
HDB,LPB,sector_peers
HDB,MSB,sector_peers
HDB,OCB,sector_peers
HDB,SSB,sector_peers
HDB,HDC,downstream
HDB,HDG,downstream
HDB,HCM,parent_subsidiary
HDB,HDC,parent_subsidiary
HDB,HDG,parent_subsidiary
HDB,HCM,ecosystem
HDB,HDC,ecosystem
HDB,HDG,ecosystem
SHB,STB,compete_direct
SHB,LPB,compete_direct
SHB,MSB,compete_direct
SHB,OCB,compete_direct
SHB,MBB,compete_indirect
SHB,VPB,compete_indirect
SHB,VCB,sector_peers
SHB,BID,sector_peers
SHB,CTG,sector_peers
SHB,MBB,sector_peers
SHB,TCB,sector_peers
SHB,VPB,sector_peers
SHB,ACB,sector_peers
SHB,STB,sector_peers
SHB,HDB,sector_peers
SHB,VIB,sector_peers
SHB,TPB,sector_peers
SHB,LPB,sector_peers
SHB,MSB,sector_peers
SHB,OCB,sector_peers
SHB,SSB,sector_peers
SHB,SHS,parent_subsidiary
SHB,SHS,ecosystem
VIB,HDB,compete_direct
VIB,TPB,compete_direct
VIB,OCB,compete_direct
VIB,MSB,compete_direct
VIB,ACB,compete_indirect
VIB,VPB,compete_indirect
VIB,VCB,sector_peers
VIB,BID,sector_peers
VIB,CTG,sector_peers
VIB,MBB,sector_peers
VIB,TCB,sector_peers
VIB,VPB,sector_peers
VIB,ACB,sector_peers
VIB,STB,sector_peers
VIB,HDB,sector_peers
VIB,SHB,sector_peers
VIB,TPB,sector_peers
VIB,LPB,sector_peers
VIB,MSB,sector_peers
VIB,OCB,sector_peers
VIB,SSB,sector_peers
TPB,VIB,compete_direct
TPB,HDB,compete_direct
TPB,OCB,compete_direct
TPB,MSB,compete_direct
TPB,ACB,compete_indirect
TPB,MBB,compete_indirect
TPB,VCB,sector_peers
TPB,BID,sector_peers
TPB,CTG,sector_peers
TPB,MBB,sector_peers
TPB,TCB,sector_peers
TPB,VPB,sector_peers
TPB,ACB,sector_peers
TPB,STB,sector_peers
TPB,HDB,sector_peers
TPB,SHB,sector_peers
TPB,VIB,sector_peers
TPB,LPB,sector_peers
TPB,MSB,sector_peers
TPB,OCB,sector_peers
TPB,SSB,sector_peers
TPB,FPT,downstream
TPB,FPT,ecosystem
TPB,FPT,cross_holding
LPB,STB,compete_direct
LPB,SHB,compete_direct
LPB,MSB,compete_direct
LPB,OCB,compete_direct
LPB,MBB,compete_indirect
LPB,VPB,compete_indirect
LPB,VCB,sector_peers
LPB,BID,sector_peers
LPB,CTG,sector_peers
LPB,MBB,sector_peers
LPB,TCB,sector_peers
LPB,VPB,sector_peers
LPB,ACB,sector_peers
LPB,STB,sector_peers
LPB,HDB,sector_peers
LPB,SHB,sector_peers
LPB,VIB,sector_peers
LPB,TPB,sector_peers
LPB,MSB,sector_peers
LPB,OCB,sector_peers
LPB,SSB,sector_peers
MSB,OCB,compete_direct
MSB,SSB,compete_direct
MSB,LPB,compete_direct
MSB,SHB,compete_direct
MSB,VIB,compete_indirect
MSB,HDB,compete_indirect
MSB,TPB,compete_indirect
MSB,VCB,sector_peers
MSB,BID,sector_peers
MSB,CTG,sector_peers
MSB,MBB,sector_peers
MSB,TCB,sector_peers
MSB,VPB,sector_peers
MSB,ACB,sector_peers
MSB,STB,sector_peers
MSB,HDB,sector_peers
MSB,SHB,sector_peers
MSB,VIB,sector_peers
MSB,TPB,sector_peers
MSB,LPB,sector_peers
MSB,OCB,sector_peers
MSB,SSB,sector_peers
OCB,MSB,compete_direct
OCB,SSB,compete_direct
OCB,LPB,compete_direct
OCB,VIB,compete_indirect
OCB,HDB,compete_indirect
OCB,TPB,compete_indirect
OCB,VCB,sector_peers
OCB,BID,sector_peers
OCB,CTG,sector_peers
OCB,MBB,sector_peers
OCB,TCB,sector_peers
OCB,VPB,sector_peers
OCB,ACB,sector_peers
OCB,STB,sector_peers
OCB,HDB,sector_peers
OCB,SHB,sector_peers
OCB,VIB,sector_peers
OCB,TPB,sector_peers
OCB,LPB,sector_peers
OCB,MSB,sector_peers
OCB,SSB,sector_peers
SSB,OCB,compete_direct
SSB,MSB,compete_direct
SSB,LPB,compete_direct
SSB,VIB,compete_indirect
SSB,TPB,compete_indirect
SSB,VCB,sector_peers
SSB,BID,sector_peers
SSB,CTG,sector_peers
SSB,MBB,sector_peers
SSB,TCB,sector_peers
SSB,VPB,sector_peers
SSB,ACB,sector_peers
SSB,STB,sector_peers
SSB,HDB,sector_peers
SSB,SHB,sector_peers
SSB,VIB,sector_peers
SSB,TPB,sector_peers
SSB,LPB,sector_peers
SSB,MSB,sector_peers
SSB,OCB,sector_peers
SSI,HCM,compete_direct
SSI,VND,compete_direct
SSI,VCI,compete_direct
SSI,SHS,compete_indirect
SSI,MBS,compete_indirect
SSI,FTS,compete_indirect
SSI,BSI,compete_indirect
SSI,CTS,compete_indirect
SSI,AGR,compete_indirect
SSI,HCM,sector_peers
SSI,VND,sector_peers
SSI,VCI,sector_peers
SSI,SHS,sector_peers
SSI,MBS,sector_peers
SSI,FTS,sector_peers
SSI,BSI,sector_peers
SSI,CTS,sector_peers
SSI,AGR,sector_peers
SSI,VCB,upstream
SSI,TCB,upstream
SSI,MBB,upstream
HCM,SSI,compete_direct
HCM,VND,compete_direct
HCM,VCI,compete_direct
HCM,SHS,compete_indirect
HCM,MBS,compete_indirect
HCM,FTS,compete_indirect
HCM,BSI,compete_indirect
HCM,CTS,compete_indirect
HCM,AGR,compete_indirect
HCM,SSI,sector_peers
HCM,VND,sector_peers
HCM,VCI,sector_peers
HCM,SHS,sector_peers
HCM,MBS,sector_peers
HCM,FTS,sector_peers
HCM,BSI,sector_peers
HCM,CTS,sector_peers
HCM,AGR,sector_peers
HCM,HDB,upstream
HCM,HDB,ecosystem
HCM,HDC,ecosystem
HCM,HDG,ecosystem
VND,SSI,compete_direct
VND,HCM,compete_direct
VND,VCI,compete_direct
VND,SHS,compete_indirect
VND,MBS,compete_indirect
VND,FTS,compete_indirect
VND,SSI,sector_peers
VND,HCM,sector_peers
VND,VCI,sector_peers
VND,SHS,sector_peers
VND,MBS,sector_peers
VND,FTS,sector_peers
VND,BSI,sector_peers
VND,CTS,sector_peers
VND,AGR,sector_peers
VND,VCB,upstream
VND,BID,upstream
VCI,SSI,compete_direct
VCI,HCM,compete_direct
VCI,VND,compete_direct
VCI,SHS,compete_indirect
VCI,MBS,compete_indirect
VCI,FTS,compete_indirect
VCI,SSI,sector_peers
VCI,HCM,sector_peers
VCI,VND,sector_peers
VCI,SHS,sector_peers
VCI,MBS,sector_peers
VCI,FTS,sector_peers
VCI,BSI,sector_peers
VCI,CTS,sector_peers
VCI,AGR,sector_peers
MBS,SHS,compete_direct
MBS,FTS,compete_direct
MBS,BSI,compete_direct
MBS,CTS,compete_direct
MBS,SSI,compete_indirect
MBS,HCM,compete_indirect
MBS,VND,compete_indirect
MBS,SSI,sector_peers
MBS,HCM,sector_peers
MBS,VND,sector_peers
MBS,VCI,sector_peers
MBS,SHS,sector_peers
MBS,FTS,sector_peers
MBS,BSI,sector_peers
MBS,CTS,sector_peers
MBS,AGR,sector_peers
MBS,MBB,upstream
MBS,MBB,ecosystem
MBS,VGI,ecosystem
SHS,MBS,compete_direct
SHS,FTS,compete_direct
SHS,BSI,compete_direct
SHS,CTS,compete_direct
SHS,SSI,compete_indirect
SHS,HCM,compete_indirect
SHS,VND,compete_indirect
SHS,SSI,sector_peers
SHS,HCM,sector_peers
SHS,VND,sector_peers
SHS,VCI,sector_peers
SHS,MBS,sector_peers
SHS,FTS,sector_peers
SHS,BSI,sector_peers
SHS,CTS,sector_peers
SHS,AGR,sector_peers
SHS,SHB,upstream
SHS,SHB,ecosystem
FTS,MBS,compete_direct
FTS,SHS,compete_direct
FTS,BSI,compete_direct
FTS,CTS,compete_direct
FTS,SSI,compete_indirect
FTS,HCM,compete_indirect
FTS,VND,compete_indirect
FTS,SSI,sector_peers
FTS,HCM,sector_peers
FTS,VND,sector_peers
FTS,VCI,sector_peers
FTS,SHS,sector_peers
FTS,MBS,sector_peers
FTS,BSI,sector_peers
FTS,CTS,sector_peers
FTS,AGR,sector_peers
BSI,MBS,compete_direct
BSI,SHS,compete_direct
BSI,FTS,compete_direct
BSI,CTS,compete_direct
BSI,SSI,compete_indirect
BSI,HCM,compete_indirect
BSI,SSI,sector_peers
BSI,HCM,sector_peers
BSI,VND,sector_peers
BSI,VCI,sector_peers
BSI,SHS,sector_peers
BSI,MBS,sector_peers
BSI,FTS,sector_peers
BSI,CTS,sector_peers
BSI,AGR,sector_peers
BSI,BID,upstream
BSI,BID,ecosystem
CTS,MBS,compete_direct
CTS,SHS,compete_direct
CTS,FTS,compete_direct
CTS,BSI,compete_direct
CTS,SSI,compete_indirect
CTS,HCM,compete_indirect
CTS,SSI,sector_peers
CTS,HCM,sector_peers
CTS,VND,sector_peers
CTS,VCI,sector_peers
CTS,SHS,sector_peers
CTS,MBS,sector_peers
CTS,FTS,sector_peers
CTS,BSI,sector_peers
CTS,AGR,sector_peers
CTS,CTG,upstream
CTS,CTG,ecosystem
AGR,MBS,compete_direct
AGR,SHS,compete_direct
AGR,FTS,compete_direct
AGR,BSI,compete_direct
AGR,SSI,compete_indirect
AGR,HCM,compete_indirect
AGR,SSI,sector_peers
AGR,HCM,sector_peers
AGR,VND,sector_peers
AGR,VCI,sector_peers
AGR,SHS,sector_peers
AGR,MBS,sector_peers
AGR,FTS,sector_peers
AGR,BSI,sector_peers
AGR,CTS,sector_peers
VHM,NVL,compete_direct
VHM,KDH,compete_direct
VHM,NLG,compete_direct
VHM,PDR,compete_direct
VHM,DIG,compete_indirect
VHM,DXG,compete_indirect
VHM,HDC,compete_indirect
VHM,SJS,compete_indirect
VHM,VRE,sector_peers
VHM,NVL,sector_peers
VHM,KDH,sector_peers
VHM,NLG,sector_peers
VHM,PDR,sector_peers
VHM,DIG,sector_peers
VHM,DXG,sector_peers
VHM,HDC,sector_peers
VHM,HDG,sector_peers
VHM,IJC,sector_peers
VHM,SJS,sector_peers
VHM,CTD,downstream
VHM,HBC,downstream
VHM,VCG,downstream
VHM,HPG,downstream
VHM,HT1,downstream
VHM,BCC,downstream
VHM,TCB,upstream
VHM,VCB,upstream
VHM,BID,upstream
VHM,VRE,ecosystem
VRE,NVL,compete_direct
VRE,KDH,compete_indirect
VRE,NLG,compete_indirect
VRE,VHM,sector_peers
VRE,NVL,sector_peers
VRE,KDH,sector_peers
VRE,NLG,sector_peers
VRE,PDR,sector_peers
VRE,DIG,sector_peers
VRE,DXG,sector_peers
VRE,MWG,downstream
VRE,FRT,downstream
VRE,DGW,downstream
VRE,TCB,upstream
VRE,VCB,upstream
VRE,VHM,ecosystem
NVL,VHM,compete_direct
NVL,KDH,compete_direct
NVL,NLG,compete_direct
NVL,PDR,compete_direct
NVL,DXG,compete_direct
NVL,DIG,compete_indirect
NVL,SJS,compete_indirect
NVL,HDC,compete_indirect
NVL,VHM,sector_peers
NVL,VRE,sector_peers
NVL,KDH,sector_peers
NVL,NLG,sector_peers
NVL,PDR,sector_peers
NVL,DIG,sector_peers
NVL,DXG,sector_peers
NVL,HDC,sector_peers
NVL,HDG,sector_peers
NVL,SJS,sector_peers
NVL,CTD,downstream
NVL,HBC,downstream
NVL,VCG,downstream
NVL,TCB,upstream
NVL,VPB,upstream
NVL,MBB,upstream
KDH,NLG,compete_direct
KDH,NVL,compete_direct
KDH,VHM,compete_direct
KDH,DIG,compete_indirect
KDH,DXG,compete_indirect
KDH,PDR,compete_indirect
KDH,VHM,sector_peers
KDH,VRE,sector_peers
KDH,NVL,sector_peers
KDH,NLG,sector_peers
KDH,PDR,sector_peers
KDH,DIG,sector_peers
KDH,DXG,sector_peers
KDH,HDC,sector_peers
KDH,SJS,sector_peers
KDH,CTD,downstream
KDH,HBC,downstream
KDH,ACB,upstream
KDH,HDB,upstream
NLG,KDH,compete_direct
NLG,NVL,compete_direct
NLG,DXG,compete_direct
NLG,VHM,compete_indirect
NLG,PDR,compete_indirect
NLG,VHM,sector_peers
NLG,VRE,sector_peers
NLG,NVL,sector_peers
NLG,KDH,sector_peers
NLG,PDR,sector_peers
NLG,DIG,sector_peers
NLG,DXG,sector_peers
NLG,HDC,sector_peers
NLG,SJS,sector_peers
NLG,CTD,downstream
NLG,HBC,downstream
NLG,MBB,upstream
NLG,ACB,upstream
PDR,NVL,compete_direct
PDR,DXG,compete_direct
PDR,DIG,compete_direct
PDR,KDH,compete_indirect
PDR,NLG,compete_indirect
PDR,VHM,sector_peers
PDR,VRE,sector_peers
PDR,NVL,sector_peers
PDR,KDH,sector_peers
PDR,NLG,sector_peers
PDR,DIG,sector_peers
PDR,DXG,sector_peers
PDR,HDC,sector_peers
PDR,SJS,sector_peers
PDR,CTD,downstream
PDR,HBC,downstream
PDR,VPB,upstream
PDR,TPB,upstream
DIG,PDR,compete_direct
DIG,DXG,compete_direct
DIG,NVL,compete_direct
DIG,KDH,compete_indirect
DIG,NLG,compete_indirect
DIG,VHM,sector_peers
DIG,NVL,sector_peers
DIG,KDH,sector_peers
DIG,NLG,sector_peers
DIG,PDR,sector_peers
DIG,DXG,sector_peers
DIG,HDC,sector_peers
DIG,SJS,sector_peers
DIG,CTD,downstream
DIG,HBC,downstream
DIG,VPB,upstream
DIG,SHB,upstream
DXG,NLG,compete_direct
DXG,NVL,compete_direct
DXG,PDR,compete_direct
DXG,KDH,compete_indirect
DXG,DIG,compete_indirect
DXG,VHM,sector_peers
DXG,NVL,sector_peers
DXG,KDH,sector_peers
DXG,NLG,sector_peers
DXG,PDR,sector_peers
DXG,DIG,sector_peers
DXG,HDC,sector_peers
DXG,SJS,sector_peers
DXG,CTD,downstream
DXG,HBC,downstream
DXG,VPB,upstream
DXG,MSB,upstream
HDC,HDG,compete_direct
HDC,NLG,compete_direct
HDC,SJS,compete_direct
HDC,KDH,compete_indirect
HDC,DIG,compete_indirect
HDC,VHM,sector_peers
HDC,NVL,sector_peers
HDC,KDH,sector_peers
HDC,NLG,sector_peers
HDC,PDR,sector_peers
HDC,DIG,sector_peers
HDC,DXG,sector_peers
HDC,HDG,sector_peers
HDC,SJS,sector_peers
HDC,HBC,downstream
HDC,HDB,upstream
HDC,HDB,ecosystem
HDC,HDG,ecosystem
HDC,HCM,ecosystem
HDG,HDC,compete_direct
HDG,NLG,compete_direct
HDG,KDH,compete_indirect
HDG,DIG,compete_indirect
HDG,VHM,sector_peers
HDG,NVL,sector_peers
HDG,KDH,sector_peers
HDG,NLG,sector_peers
HDG,PDR,sector_peers
HDG,DIG,sector_peers
HDG,DXG,sector_peers
HDG,HDC,sector_peers
HDG,SJS,sector_peers
HDG,HDB,upstream
HDG,HDC,parent_subsidiary
HDG,HDB,ecosystem
HDG,HDC,ecosystem
HDG,HCM,ecosystem
IJC,SZC,compete_direct
IJC,IDC,compete_direct
IJC,KBC,compete_direct
IJC,NVL,compete_indirect
IJC,PDR,compete_indirect
IJC,SZC,sector_peers
IJC,IDC,sector_peers
IJC,KBC,sector_peers
IJC,ITA,sector_peers
IJC,SJS,sector_peers
IJC,CTD,downstream
IJC,VCG,downstream
IJC,BID,upstream
IJC,VCB,upstream
SZC,IDC,compete_direct
SZC,KBC,compete_direct
SZC,IJC,compete_direct
SZC,ITA,compete_indirect
SZC,IDC,sector_peers
SZC,KBC,sector_peers
SZC,IJC,sector_peers
SZC,ITA,sector_peers
SZC,SJS,sector_peers
IDC,SZC,compete_direct
IDC,KBC,compete_direct
IDC,IJC,compete_direct
IDC,ITA,compete_indirect
IDC,SZC,sector_peers
IDC,KBC,sector_peers
IDC,IJC,sector_peers
IDC,ITA,sector_peers
IDC,SJS,sector_peers
KBC,IDC,compete_direct
KBC,SZC,compete_direct
KBC,IJC,compete_direct
KBC,ITA,compete_indirect
KBC,SZC,sector_peers
KBC,IDC,sector_peers
KBC,IJC,sector_peers
KBC,ITA,sector_peers
KBC,SJS,sector_peers
ITA,SZC,compete_direct
ITA,IDC,compete_direct
ITA,KBC,compete_direct
ITA,SJS,compete_indirect
ITA,SZC,sector_peers
ITA,IDC,sector_peers
ITA,KBC,sector_peers
ITA,IJC,sector_peers
ITA,SJS,sector_peers
SJS,KDH,compete_direct
SJS,NLG,compete_direct
SJS,VHM,compete_indirect
SJS,NVL,compete_indirect
SJS,VHM,sector_peers
SJS,NVL,sector_peers
SJS,KDH,sector_peers
SJS,NLG,sector_peers
SJS,PDR,sector_peers
SJS,DIG,sector_peers
SJS,DXG,sector_peers
SJS,HDC,sector_peers
SJS,HDG,sector_peers
SJS,CTD,downstream
SJS,VCB,upstream
SJS,CTG,upstream
CTD,HBC,compete_direct
CTD,VCG,compete_direct
CTD,HBC,sector_peers
CTD,VCG,sector_peers
CTD,VHM,upstream
CTD,NVL,upstream
CTD,KDH,upstream
CTD,HPG,upstream
CTD,HT1,upstream
HBC,CTD,compete_direct
HBC,VCG,compete_direct
HBC,CTD,sector_peers
HBC,VCG,sector_peers
HBC,VHM,upstream
HBC,NVL,upstream
HBC,DIG,upstream
HBC,HPG,upstream
HBC,HT1,upstream
VCG,CTD,compete_direct
VCG,HBC,compete_direct
VCG,CTD,sector_peers
VCG,HBC,sector_peers
VCG,BID,upstream
VCG,CTG,upstream
VCG,HPG,upstream
HPG,HSG,compete_direct
HPG,NKG,compete_direct
HPG,HSG,sector_peers
HPG,NKG,sector_peers
HPG,CTD,downstream
HPG,HBC,downstream
HPG,VCG,downstream
HPG,BMP,downstream
HPG,GAS,upstream
HSG,HPG,compete_direct
HSG,NKG,compete_direct
HSG,HPG,sector_peers
HSG,NKG,sector_peers
HSG,CTD,downstream
HSG,HBC,downstream
HSG,HPG,upstream
NKG,HPG,compete_direct
NKG,HSG,compete_direct
NKG,HPG,sector_peers
NKG,HSG,sector_peers
NKG,CTD,downstream
NKG,HBC,downstream
NKG,HPG,upstream
HT1,BCC,compete_direct
HT1,BCC,sector_peers
HT1,CTD,downstream
HT1,HBC,downstream
HT1,VCG,downstream
HT1,GAS,upstream
HT1,PLX,upstream
BCC,HT1,compete_direct
BCC,HT1,sector_peers
BCC,CTD,downstream
BCC,HBC,downstream
BCC,VCG,downstream
BCC,GAS,upstream
BCC,PLX,upstream
DPM,DCM,compete_direct
DPM,BFC,compete_indirect
DPM,DCM,sector_peers
DPM,BFC,sector_peers
DPM,DGC,sector_peers
DPM,CSV,sector_peers
DPM,BFC,downstream
DPM,AGF,downstream
DPM,GAS,upstream
DPM,DCM,ecosystem
DPM,GAS,ecosystem
DPM,POW,ecosystem
DPM,PVT,ecosystem
DPM,PET,ecosystem
DCM,DPM,compete_direct
DCM,BFC,compete_indirect
DCM,DPM,sector_peers
DCM,BFC,sector_peers
DCM,DGC,sector_peers
DCM,CSV,sector_peers
DCM,BFC,downstream
DCM,AGF,downstream
DCM,GAS,upstream
DCM,DPM,ecosystem
DCM,GAS,ecosystem
DCM,POW,ecosystem
DCM,PVT,ecosystem
DCM,PET,ecosystem
BFC,DPM,sector_peers
BFC,DCM,sector_peers
BFC,DGC,sector_peers
BFC,CSV,sector_peers
BFC,AGF,downstream
BFC,DPM,upstream
BFC,DCM,upstream
DGC,CSV,compete_direct
DGC,DPM,sector_peers
DGC,DCM,sector_peers
DGC,BFC,sector_peers
DGC,CSV,sector_peers
DGC,GAS,upstream
DGC,PLX,upstream
CSV,DGC,compete_direct
CSV,DPM,sector_peers
CSV,DCM,sector_peers
CSV,DGC,sector_peers
CSV,GAS,upstream
CSV,PLX,upstream
VNM,KDC,compete_direct
VNM,MSN,compete_indirect
VNM,SAB,compete_indirect
VNM,KDC,sector_peers
VNM,SAB,sector_peers
VNM,SBT,sector_peers
VNM,MSN,sector_peers
VNM,MWG,downstream
VNM,FRT,downstream
VNM,SBT,upstream
KDC,VNM,compete_direct
KDC,MSN,compete_indirect
KDC,SAB,compete_indirect
KDC,VNM,sector_peers
KDC,SAB,sector_peers
KDC,SBT,sector_peers
KDC,MSN,sector_peers
KDC,MWG,downstream
KDC,SBT,upstream
SAB,KDC,compete_indirect
SAB,MSN,compete_indirect
SAB,VNM,sector_peers
SAB,KDC,sector_peers
SAB,SBT,sector_peers
SAB,MSN,sector_peers
SAB,MWG,downstream
SBT,VNM,sector_peers
SBT,KDC,sector_peers
SBT,MSN,sector_peers
SBT,VNM,downstream
SBT,KDC,downstream
MSN,VNM,compete_direct
MSN,KDC,compete_direct
MSN,SAB,compete_indirect
MSN,VNM,sector_peers
MSN,KDC,sector_peers
MSN,SAB,sector_peers
MSN,SBT,sector_peers
MSN,MWG,downstream
MSN,SBT,upstream
MSN,VHC,upstream
MSN,MCH,parent_subsidiary
MSN,TCB,ecosystem
MSN,TCB,cross_holding
MWG,FRT,compete_direct
MWG,DGW,compete_direct
MWG,PET,compete_indirect
MWG,FRT,sector_peers
MWG,DGW,sector_peers
MWG,VNM,upstream
MWG,KDC,upstream
MWG,SAB,upstream
MWG,DGW,upstream
FRT,MWG,compete_direct
FRT,DGW,compete_direct
FRT,MWG,sector_peers
FRT,DGW,sector_peers
FRT,DGW,upstream
FRT,FPT,ecosystem
DGW,PET,compete_direct
DGW,MWG,compete_indirect
DGW,MWG,sector_peers
DGW,FRT,sector_peers
DGW,PET,sector_peers
DGW,MWG,downstream
DGW,FRT,downstream
PET,DGW,compete_direct
PET,MWG,compete_indirect
PET,MWG,sector_peers
PET,FRT,sector_peers
PET,DGW,sector_peers
PET,PLX,upstream
PET,GAS,upstream
PET,GAS,ecosystem
PET,DPM,ecosystem
PET,DCM,ecosystem
PET,POW,ecosystem
PET,PVT,ecosystem
GAS,PLX,sector_peers
GAS,POW,sector_peers
GAS,NT2,sector_peers
GAS,DPM,downstream
GAS,DCM,downstream
GAS,POW,downstream
GAS,NT2,downstream
GAS,HT1,downstream
GAS,HPG,downstream
GAS,DPM,ecosystem
GAS,DCM,ecosystem
GAS,POW,ecosystem
GAS,PVT,ecosystem
GAS,PET,ecosystem
PLX,GAS,sector_peers
PLX,POW,sector_peers
PLX,HT1,downstream
PLX,HPG,downstream
PLX,VJC,downstream
PLX,HVN,downstream
POW,NT2,compete_direct
POW,VSH,compete_direct
POW,GEG,compete_direct
POW,PPC,compete_direct
POW,NT2,sector_peers
POW,VSH,sector_peers
POW,GEG,sector_peers
POW,PPC,sector_peers
POW,BWE,sector_peers
POW,TDM,sector_peers
POW,GAS,upstream
POW,GAS,ecosystem
POW,DPM,ecosystem
POW,DCM,ecosystem
POW,PVT,ecosystem
POW,PET,ecosystem
NT2,POW,compete_direct
NT2,VSH,compete_direct
NT2,GEG,compete_direct
NT2,PPC,compete_direct
NT2,POW,sector_peers
NT2,VSH,sector_peers
NT2,GEG,sector_peers
NT2,PPC,sector_peers
NT2,BWE,sector_peers
NT2,TDM,sector_peers
NT2,GAS,upstream
VSH,POW,compete_direct
VSH,NT2,compete_direct
VSH,GEG,compete_direct
VSH,PPC,compete_direct
VSH,POW,sector_peers
VSH,NT2,sector_peers
VSH,GEG,sector_peers
VSH,PPC,sector_peers
VSH,BWE,sector_peers
VSH,TDM,sector_peers
GEG,VSH,compete_direct
GEG,POW,compete_direct
GEG,NT2,compete_direct
GEG,PPC,compete_direct
GEG,POW,sector_peers
GEG,NT2,sector_peers
GEG,VSH,sector_peers
GEG,PPC,sector_peers
GEG,BWE,sector_peers
GEG,TDM,sector_peers
PPC,POW,compete_direct
PPC,NT2,compete_direct
PPC,VSH,compete_direct
PPC,GEG,compete_direct
PPC,POW,sector_peers
PPC,NT2,sector_peers
PPC,VSH,sector_peers
PPC,GEG,sector_peers
PPC,BWE,sector_peers
PPC,TDM,sector_peers
PPC,GAS,upstream
PPC,PLX,upstream
BWE,TDM,compete_direct
BWE,TDM,sector_peers
BWE,POW,sector_peers
BWE,NT2,sector_peers
BWE,VSH,sector_peers
BWE,GEG,sector_peers
TDM,BWE,compete_direct
TDM,BWE,sector_peers
TDM,POW,sector_peers
TDM,NT2,sector_peers
FPT,CMG,compete_direct
FPT,ELC,compete_direct
FPT,VGI,compete_indirect
FPT,CMG,sector_peers
FPT,ELC,sector_peers
FPT,VGI,sector_peers
FPT,FRT,parent_subsidiary
FPT,TPB,ecosystem
FPT,TPB,cross_holding
CMG,FPT,compete_direct
CMG,ELC,compete_direct
CMG,VGI,compete_indirect
CMG,FPT,sector_peers
CMG,ELC,sector_peers
CMG,VGI,sector_peers
ELC,CMG,compete_direct
ELC,FPT,compete_direct
ELC,FPT,sector_peers
ELC,CMG,sector_peers
ELC,VGI,sector_peers
VGI,FPT,compete_indirect
VGI,FPT,sector_peers
VGI,CMG,sector_peers
VGI,ELC,sector_peers
VGI,MBB,ecosystem
VGI,MBS,ecosystem
GMD,HAH,compete_direct
GMD,VOS,compete_direct
GMD,PVT,compete_indirect
GMD,HAH,sector_peers
GMD,VOS,sector_peers
GMD,PVT,sector_peers
GMD,VJC,sector_peers
GMD,HVN,sector_peers
HAH,VOS,compete_direct
HAH,GMD,compete_direct
HAH,GMD,sector_peers
HAH,VOS,sector_peers
HAH,PVT,sector_peers
HAH,PLX,upstream
VOS,HAH,compete_direct
VOS,PVT,compete_direct
VOS,GMD,compete_indirect
VOS,GMD,sector_peers
VOS,HAH,sector_peers
VOS,PVT,sector_peers
VOS,PLX,upstream
PVT,VOS,compete_direct
PVT,HAH,compete_indirect
PVT,GMD,sector_peers
PVT,HAH,sector_peers
PVT,VOS,sector_peers
PVT,GAS,upstream
PVT,PLX,upstream
PVT,GAS,ecosystem
PVT,DPM,ecosystem
PVT,DCM,ecosystem
PVT,POW,ecosystem
PVT,PET,ecosystem
VJC,HVN,compete_direct
VJC,HVN,sector_peers
VJC,PLX,upstream
HVN,VJC,compete_direct
HVN,VJC,sector_peers
HVN,PLX,upstream
VHC,ANV,compete_direct
VHC,FMC,compete_direct
VHC,AGF,compete_indirect
VHC,ANV,sector_peers
VHC,FMC,sector_peers
VHC,AGF,sector_peers
ANV,VHC,compete_direct
ANV,FMC,compete_direct
ANV,AGF,compete_indirect
ANV,VHC,sector_peers
ANV,FMC,sector_peers
ANV,AGF,sector_peers
FMC,VHC,compete_direct
FMC,ANV,compete_direct
FMC,AGF,compete_indirect
FMC,VHC,sector_peers
FMC,ANV,sector_peers
FMC,AGF,sector_peers
AGF,VHC,compete_indirect
AGF,ANV,compete_indirect
AGF,VHC,sector_peers
AGF,ANV,sector_peers
AGF,FMC,sector_peers
AGF,BFC,upstream
AGF,DPM,upstream
TCM,TNG,compete_direct
TCM,GIL,compete_direct
TCM,TNG,sector_peers
TCM,GIL,sector_peers
TNG,TCM,compete_direct
TNG,GIL,compete_direct
TNG,TCM,sector_peers
TNG,GIL,sector_peers
GIL,TCM,compete_direct
GIL,TNG,compete_direct
GIL,TCM,sector_peers
GIL,TNG,sector_peers
PHR,DPR,compete_direct
PHR,GVR,compete_direct
PHR,DPR,sector_peers
PHR,GVR,sector_peers
PHR,DRC,downstream
PHR,CSM,downstream
PHR,DPR,ecosystem
PHR,GVR,ecosystem
PHR,GVR,cross_holding
DPR,PHR,compete_direct
DPR,GVR,compete_direct
DPR,PHR,sector_peers
DPR,GVR,sector_peers
DPR,DRC,downstream
DPR,CSM,downstream
DPR,PHR,ecosystem
DPR,GVR,ecosystem
DPR,GVR,cross_holding
GVR,PHR,compete_direct
GVR,DPR,compete_direct
GVR,PHR,sector_peers
GVR,DPR,sector_peers
GVR,DRC,downstream
GVR,CSM,downstream
GVR,PHR,parent_subsidiary
GVR,DPR,parent_subsidiary
GVR,PHR,ecosystem
GVR,DPR,ecosystem
GVR,PHR,cross_holding
GVR,DPR,cross_holding
DRC,CSM,compete_direct
DRC,CSM,sector_peers
DRC,PHR,upstream
DRC,DPR,upstream
DRC,GVR,upstream
CSM,DRC,compete_direct
CSM,DRC,sector_peers
CSM,PHR,upstream
CSM,DPR,upstream
CSM,GVR,upstream
BMP,HSG,compete_indirect
BMP,NKG,compete_indirect
BMP,CTD,downstream
BMP,HBC,downstream
BMP,PLX,upstream
PNJ,ACB,sector_peers
PNJ,ACB,cross_holding
REE,CTD,sector_peers
REE,HBC,sector_peers
